{
    "name": "Basic Spells",
    "category": "hexcasting:patterns/spells",
    "icon": "minecraft:bookshelf",
    "sortnum": 0,
    "advancement": "hexcasting:root",
    "read_by_default": true,
    "pages": [
        {
            "type": "hexcasting:pattern",
            "header": "Explosion",
            "anchor": "OpExplode",
            "input": "vector, number",
            "output": "",
            "text": "Remove a number and vector from the stack, then create an explosion at the given location with the given power.",
            "stroke_order": false,
            "patterns": {
                "startdir": "EAST",
                "signature": "aawaawaa"
            }
        },
        {
            "type": "patchouli:text",
            "text": "A power of 3 is about as much as a Creeper's blast; 4 is about as much as a TNT blast. Nature refuses to give me a blast of more than 10 power, though.$(br2)Costs about one $(item)Amethyst Shard/$, plus an extra $(item)Amethyst Shard/$ per point of explosion power."
        },
        {
            "type": "hexcasting:pattern",
            "header": "Fireball",
            "anchor": "OpExplodeFire",
            "input": "vector, number",
            "output": "",
            "stroke_order": false,
            "text": "Remove a number and vector from the stack, then create a fiery explosion at the given location with the given power.",
            "patterns": {
                "startdir": "EAST",
                "signature": "aawqaqwaa"
            }
        },
        {
            "type": "patchouli:text",
            "text": "Costs three $(item)Amethyst Shards/$, plus about one extra $(item)Amethyst Shard/$ per point of explosion power. Otherwise, the same as $(l:hexcasting:patterns/spells/basic#OpExplode)$(action)Explosion/$, except with fire."
        },
        {
            "type": "hexcasting:pattern",
            "header": "Impulse",
            "anchor": "OpAddMotion",
            "input": "entity, vector",
            "output": "",
            "stroke_order": false,
            "text": "Remove an entity and direction from the stack, then give a push to the given entity in the given direction. The strength of the impulse is determined by the length of the vector.$(br)Costs units of $(item)Amethyst Dust/$ proportional to the square of the length of the vector; thus a push vector of length 5 would consume five $(item)Amethyst Shards$(0) or equivalent.",
            "patterns": {
                "startdir": "EAST",
                "signature": "waqwaeawq"
            }
        },
        {
            "type": "hexcasting:pattern",
            "header": "Blink",
            "anchor": "OpBlink",
            "input": "entity, number",
            "output": "",
            "stroke_order": false,
            "text": "Remove an entity and length from the stack, then teleport the given entity along its look vector by the given length.$(br)Costs about 2 $(item)Amethyst Dust/$s times the square of the distance teleported-- thus, teleporting 5 blocks would cost five $(item)Charged Amethyst Crystals$(0) or equivalent.",
            "patterns": {
                "startdir": "EAST",
                "signature": "aqwaeawq"
            }
        }
    ]
}
