{
  "name": "Blockworks",
  "category": "hexcasting:patterns/spells",
  "icon": "minecraft:cobblestone",
  "sortnum": 1,
  "advancement": "hexcasting:root",
  "read_by_default": true,
  "pages": [
    {
      "type": "hexcasting:pattern",
      "header": "Place Block",
      "anchor": "OpPlaceBlock",
      "input": "vector",
      "output": "",
      "text": "Remove a location from the stack, then pick a block item and place it at the given location.$(br)Costs about 1 $(item)Amethyst Dust/$.",
      "patterns": {
        "startdir": "EAST",
        "signature": "eeeeede"
      }
    },
    {
      "type": "hexcasting:pattern",
      "header": "Break Block",
      "anchor": "OpBreakBlock",
      "input": "vector",
      "output": "",
      "text": "Remove a location from the stack, then break the block at the given location. This spell can break nearly anything a Diamond Pickaxe can break.$(br)Costs about 3 $(item)Amethyst Dust/$s.",
      "patterns": {
        "startdir": "SOUTH_EAST",
        "signature": "qaqqqqq"
      }
    },
    {
      "type": "hexcasting:pattern",
      "header": "Create Water",
      "anchor": "OpCreateWater",
      "input": "vector",
      "output": "",
      "text": "Summon a block of water or insert a bucket's worth into a block at the given position. Costs about one $(item)Amethyst Dust/$.",
      "patterns": {
        "startdir": "SOUTH_EAST",
        "signature": "aqawqadaq"
      }
    },
    {
      "type": "hexcasting:pattern",
      "header": "Destroy Water",
      "anchor": "OpDestroyWater",
      "input": "vector",
      "output": "",
      "text": "Destroy a great deal of water around the given position. Costs about two $(item)Amethyst Crystal/$s.",
      "patterns": {
        "startdir": "SOUTH_WEST",
        "signature": "dedwedade"
      }
    }
  ]
}
