{
  "name": "Great Spells",
  "category": "hexcasting:patterns/spells",
  "icon": "minecraft:textures/mob_effect/conduit_power.png",
  "sortnum": 3,
  "advancement": "hexcasting:root",
  "pages": [
    {
      "type": "hexcasting:pattern",
      "header": "Smite",
      "anchor": "OpLightning",
      "input": "vector",
      "output": "",
      "stroke_order": false,
      "text": "I command the heavens! This spell will summon a bolt of lightning to strike the earth where I direct it. Costs about 3 $(item)Amethyst Shard/$s.",
      "hex_size": 6,
      "patterns": {
        "startdir": "EAST",
        "signature": "waadwawdaaweewq"
      }
    },
    {
      "type": "hexcasting:pattern",
      "header": "Create Lava",
      "anchor": "OpCreateLava",
      "input": "vector",
      "output": "",
      "stroke_order": false,
      "text": "Summon a block of lava or insert a bucket's worth into a block at the given position. Costs about one $(item)Charged Amethyst/$.",
      "patterns": {
        "startdir": "EAST",
        "signature": "eaqawqadaqd"
      }
    },
    {
      "type": "hexcasting:pattern",
      "header": "Flight",
      "anchor": "OpFlight",
      "input": "entity, number, number",
      "output": "",
      "stroke_order": false,
      "text": "The power of flight! I have wrestled Nature to its knees. But Nature is vengeful, and itches for me to break its contract so it may break my shins.",
      "patterns": {
        "startdir": "NORTH_WEST",
        "signature": "eawwaeawawaa"
      }
    },
    {
      "type": "patchouli:text",
      "text": "The entity (which must be a player) will be endowed with flight. The first number is the number of seconds they may fly for, and the second number is the radius of the zone they may fly in. If the recipient exits that zone, or their timer runs out while midair, the gravity that they spurned will get its revenge. Painfully.$(br2)It costs approximately 1 $(item)Amethyst Dust/$ multiplied by the radius, per second of flight."
    },
    {
      "type": "hexcasting:pattern",
      "header": "Greater Teleport",
      "anchor": "OpTeleport",
      "input": "entity, vector",
      "output": "",
      "stroke_order": false,
      "hex_size": 8,
      "text": "Far more powerful than $(l:patterns/spells/basic#OpBlink)$(action)Blink/$, this spell lets me teleport nearly anywhere in the entire world! There does seem to be a limit, but it is $(italic)much/$ greater than the normal radius of influence I am used to.",
      "patterns": {
        "startdir": "WEST",
        "signature": "wwwqqqwwwqqeqqwwwqqwqqdqqqqqdqq"
      }
    },
    {
      "type": "patchouli:text",
      "text": "The entity will be teleported by the given vector, which is an offset from its given position. No matter the distance, it always seems to cost about ten $(item)Charged Crystal/$s.$(br2)The transference is not perfect, and it seems when teleporting something as complex as a player, their inventory doesn't $(italic)quite/$ stay attached."
    }
  ]
}
