{
  "name": "Working with Items",
  "category": "hexcasting:patterns/spells",
  "icon": "minecraft:item_frame",
  "advancement": "hexcasting:root",
  "priority": true,
  "read_by_default": true,
  "pages": [
    {
      "type": "patchouli:text",
      "text": "Certain spells, such as $(l:hexcasting:patterns/spells/blockworks#OpPlaceBlock)$(action)Place Block/$, will consume additional items from my inventory. When this happens, the spell will first look for the item to use, and then draw from all such items in my inventory.$(br2)This process is called \"picking an item.\""
    },
    {
      "type": "patchouli:text",
      "text": "More specifically:$(li)First, the spell will search for the first valid item in my hotbar to the $(italic)right of my staff/$, wrapping around at the right-hand side, and starting at the first slot if my staff is in my off-hand.$(li)Second, the spell will draw that item from as $(italic)far back in my inventory/$ as possible, prioritizing the main inventory over the hotbar.$(br)This way, I can keep a \"chooser\" item on my hotbar to tell the spell what to use, and fill the rest of my inventory with that item to keep the spell well-stocked."
    }
  ]
}
