{
    "name": "Patterns as Iotas",
    "category": "hexcasting:casting",
    "icon": "minecraft:emerald",
    "sortnum": 3,
    "advancement": "hexcasting:root",
    "pages": [
        {
            "type": "patchouli:text",
            "text": "One of the many peculiarities of the art is that $(italic)patterns themselves/$ can act as iotas, and be put onto my stack when casting.$(br2)This raises a fairly obvious question: how do I express them? If I were to simply draw a pattern, how would I inform Nature of my intent to have it matched to an action instead of adding it to my stack as an iota?"
        },
        {
            "type": "patchouli:text",
            "text": "Fortunately, Nature has provided me with a set of $(l:casting/influences)influences/$ that I can use to work with patterns directly.$(br2)In short, $(action)Consideration/$ lets me add one pattern to the stack, and $(action)Introspection/$ and $(action)Retrospection/$ let me add a whole list."
        },
        {
            "type": "hexcasting:pattern_nosig",
            "header": "Consideration",
            "anchor": "OpEscape",
            "text": "To use $(action)Consideration/$, I draw it, then another arbitrary pattern. That second pattern is added to the stack.",
            "patterns": {
                "startdir": "WEST",
                "signature": "qqqaw"
            }
        },
        {
            "type": "patchouli:text",
            "text": "I may find it helpful to think of this as \"escaping\" the pattern onto the stack, if I happen to be familiar with the term from computer science.$(br2)To be honest, I haven't found too much use for this pattern yet, but I imagine it could be helpful with advanced _Hexes casting other _Hexes."
        },
        {
            "type": "hexcasting:pattern_nosig",
            "header": "Introspection",
            "anchor": "OpOpenParen",
            "text": "Drawing $(action)Introspection/$ makes my drawing of patterns act differently, for a time. Until I draw $(action)Retrospection/$, any pattern I draw is saved to a list. Then, when I draw $(action)Retrospection/$, the list is pushed to the stack as a list iota.",
            "patterns": {
                "startdir": "WEST",
                "signature": "qqq"
            }
        },
        {
            "type": "hexcasting:pattern_nosig",
            "header": "Retrospection",
            "anchor": "OpCloseParen",
            "text": "If I draw another $(action)Introspection/$, it will still be saved, but I'll then have to draw $(italic)two/$ $(action)Retrospection/$s to get back to normal casting.",
            "patterns": {
                "startdir": "EAST",
                "signature": "eee"
            }
        },
        {
            "type": "patchouli:text",
            "text": "Also, I can escape the special behavior of $(action)Intro/Retrospection/$ by drawing a $(action)Consideration/$ before them, which will simply add them to the list without affecting the number of each I need to draw to return to normal.$(br2)If I draw two $(action)Consideration/$s in a row while introspecting, it will add the second pattern to the list."
        }
    ]
}
