{
    "name": "Stacks",
    "category": "hexcasting:casting",
    "icon": "minecraft:piston",
    "sortnum": 1,
    "advancement": "hexcasting:root",
    "pages": [
        {
            "type": "patchouli:text",
            "text": "A $(thing)Stack/$, also known as a \"LIFO,\" is a concept borrowed from computer science. In short, it's a collection of things designed so that you can only interact with the most recently used thing.$(br2)Think of a stack of plates, where new plates are added to the top: if you want to interact with a plate halfway down the stack, you have to remove the plates above it in order to get a hold of it."
        },
        {
            "type": "patchouli:text",
            "text": "Because a stack is so simple, there's only so many things you can do with it:$(li)$(italic)Adding something to it/$, known formally as pushing,$(li)$(italic)Removing the last added element/$, known as popping, or$(li)$(italic)Examining or modifying the last added element/$, known as peeking.$(br)We call the last-added element the \"top\" of the stack, in accordance with the dinner plate analogy.$(p)As an example, if we push 1 to a stack, then push 2, then pop, the top of the stack is now 1."
        },
        {
            "type": "patchouli:text",
            "text": "Actions are (on the most part) restricted to interacting with the casting stack in these ways. They will pop some iotas they're interested in (known as \"arguments\" or \"parameters\"), process them, and push some number of results.$(br2)Of course, some actions (e.g. the $(l:patterns/basics#OpGetCaster)$(action)Mind's Reflection/$) might pop no arguments, and some actions (particularly spells) might push nothing afterwards."
        },
        {
            "type": "patchouli:text",
            "text": "Even more complicated actions can be expressed in terms of pushing, popping, and peeking. For example, the $(l:patterns/stackmanip#OpSwap)$(action)Jester's Gambit/$ swaps the top two items of the stack. This can be thought of as popping two items and pushing them in opposite order. For another, $(l:patterns/stackmanip#OpDuplicate)$(action)Gemini Decomposition/$ duplicates the top of the stack-- in other words, it peeks the stack and pushes a copy of what it finds."
        }
    ]
}
