{
    "name": "List Manipulation",
    "category": "hexcasting:patterns",
    "icon": "minecraft:oak_sign",
    "sortnum": 5,
    "advancement": "hexcasting:root",
    "read_by_default": true,
    "pages": [
        {
            "type": "hexcasting:pattern",
            "header": "Selection Distillation",
            "anchor": "OpIndex",
            "input": "list, number",
            "output": "any",
            "text": "Remove the number at the top of the stack, then replace the list at the top with the nth element of that list (where n is the number you removed). Replaces the list with Null if the number is out of bounds.",
            "patterns": {
                "startdir": "NORTH_WEST",
                "signature": "deeed"
            }
        },
        {
            "type": "hexcasting:pattern",
            "header": "Integration Distillation",
            "anchor": "OpAppend",
            "input": "list, any",
            "output": "any",
            "text": "Remove the top of the stack, then add it to the end of the list at the top of the stack.",
            "patterns": {
                "startdir": "SOUTH_WEST",
                "signature": "edqde"
            }
        },
        {
            "type": "hexcasting:pattern",
            "header": "Combination Distillation",
            "anchor": "OpConcat",
            "input": "list, list",
            "output": "list",
            "text": "Remove the list at the top of the stack, then add all its elements to the end of the list at the top of the stack.",
            "patterns": {
                "startdir": "NORTH_WEST",
                "signature": "qaeaq"
            }
        }
    ]
}
