{
    "name": "Meta-evaluation",
    "category": "hexcasting:patterns",
    "icon": "minecraft:shulker_box",
    "sortnum": 6,
    "advancement": "hexcasting:root",
    "read_by_default": true,
    "pages": [
        {
            "type": "hexcasting:pattern",
            "header": "Scribe's Gambit",
            "anchor": "OpWrite",
            "input": "any",
            "output": "",
            "text": "Remove the top iota from the stack and save it into the $(item)Focus/$ or $(item)Spellbook/$ in my other hand.",
            "patterns": {
                "startdir": "EAST",
                "signature": "deeeee"
            }
        },
        {
            "type": "hexcasting:pattern",
            "header": "Scribe's Reflection",
            "anchor": "OpRead",
            "input": "",
            "output": "any",
            "text": "Copy the iota stored in the $(item)Focus/$ or $(item)Spellbook/$ in my other hand, and add it to the stack.",
            "patterns": {
                "startdir": "EAST",
                "signature": "aqqqqq"
            }
        },
        {
            "type": "hexcasting:pattern",
            "header": "Hermes' Gambit",
            "anchor": "OpEval",
            "input": "list of patterns",
            "output": "many",
            "text": "Remove a list of patterns from the stack, then cast them sequentially, as if I had drawn them myself with my $(item)Staff/$.$(br)Costs about five $(item)Charged Amethyst/$s.",
            "patterns": {
                "startdir": "SOUTH_EAST",
                "signature": "deaqq"
            }
        },
        {
            "type": "patchouli:text",
            "text": "This can be $(italic)very/$ powerful in tandem with $(l:items/focus)$(item)Foci/$.$(br2)It also makes the bureaucracy of Nature a \"Turing-complete\" system, according to one esoteric scroll I found.$(br2)However, it seems there's a limit to how many times a _Hex can cast itself-- Nature doesn't look kindly on runaway spells!"
        },
        {
            "type": "hexcasting:pattern",
            "header": "Thoth's Gambit",
            "anchor": "OpEval",
            "input": "list of patterns, list",
            "output": "many",
            "text": "Remove a list of patterns and a list from the stack, then cast the given pattern over each element of the second list.$(br)Costs about 10 $(item)Charged Amethyst/$s.",
            "patterns": {
                "startdir": "NORTH_EAST",
                "signature": "dadad"
            }
        },
        {
            "type": "patchouli:text",
            "text": "More specifically, for each element in the second list, it will:$(li)Creates a new stack, with everything on the current stack plus that element$(li)Draw all the patterns in the first list$(li)Save all the iotas remaining on the stack to a list$(br)Then, after all is said and done, pushes the list of saved iotas onto the main stack.$(br2)No wonder all the practitioners of this art go mad."
        }
    ]
}
