{
    "name": "Numbers",
    "category": "hexcasting:patterns",
    "icon": "minecraft:comparator",
    "sortnum": 1,
    "advancement": "hexcasting:root",
    "read_by_default": true,
    "pages": [
        {
            "type": "hexcasting:pattern",
            "header": "Numerical Reflection",
            "anchor": "Numbers",
            "input": "",
            "output": "number",
            "args": "-> number",
            "text": "Irritatingly, there is no easy way to draw numbers. Here is the method Nature deigned to give us.",
            "patterns": [{
                "startdir": "SOUTH_EAST",
                "signature": "aqaa"
            }, {
                "startdir": "NORTH_EAST",
                "signature": "dedd",
                "q": 3
            }]
        },
        {
            "type": "patchouli:text",
            "text": "First, I draw one of the two shapes shown on the other page. Next, the $(italic)angles/$ following will modify a running count starting at 0.$(li)Forward: Add 1$(li)Left: Add 5$(li)Right: Add 10$(li)Sharp Left: Multiply by 2$(li)Sharp Right: Divide by 2.$(br)The clockwise version of the pattern, on the right of the other page, will negate the value at the very end. (The left-hand counter-clockwise version keeps the number positive).$(p)Once I finish drawing, the number's pushed to the top of the stack."
        },
        {
            "type": "hexcasting:pattern_nosig",
            "header": "Example 1",
            "text": "This pattern pushes 10.",
            "patterns": {
                "startdir": "SOUTH_EAST",
                "signature": "aqaae"
            }
        },
        {
            "type": "hexcasting:pattern_nosig",
            "header": "Example 2",
            "text": "This pattern pushes 7: 5 + 1 + 1.",
            "patterns": {
                "startdir": "SOUTH_WEST",
                "signature": "aqaaqww"
            }
        },
        {
            "type": "hexcasting:pattern_nosig",
            "header": "Example 3",
            "text": "This pattern pushes -32: negate 1 + 5 + 10 * 2.",
            "patterns": {
                "startdir": "NORTH_EAST",
                "signature": "deddwqea"
            }
        },
        {
            "type": "hexcasting:pattern_nosig",
            "header": "Example 4",
            "text": "This pattern pushes 4.5: 5 / 2 + 1 + 1.",
            "patterns": {
                "startdir": "SOUTH_EAST",
                "signature": "aqaaqdww"
            }
        }
    ]
}
