{
    "name": "Great Spells",
    "category": "hexcasting:greatwork",
    "icon": "minecraft:textures/mob_effect/conduit_power.png",
    "sortnum": 0,
    "advancement": "hexcasting:enlightenment",
    "entry_color": "54398a",
    "pages": [
        {
            "type": "hexcasting:pattern",
            "header": "Flight",
            "anchor": "OpFlight",
            "input": "entity, number, number",
            "output": "",
            "text": "The power of flight! I have wrestled Nature to its knees. But Nature is vengeful, and itches for me to break its contract so it may break my shins.",
            "patterns": {
                "startdir": "NORTH_WEST",
                "signature": "eawwaeawawaa"
            }
        },
        {
            "type": "patchouli:text",
            "text": "The entity (which must be a player) will receive the power of flight. The first number is the number of seconds they may fly for, and the second number is the radius of the zone they may fly in. If the recipient exits that zone, or their timer runs out while midair, the gravity that they spurned will get its revenge. Painfully.$(br2)It costs approximately 1 $(item)Amethyst Dust/$ multiplied by the radius, per second of flight."
        },
        {
            "type": "hexcasting:pattern",
            "header": "Smite",
            "anchor": "OpLightning",
            "input": "vector",
            "output": "",
            "text": "I command the heavens! This spell will summon a bolt of lightning to strike the earth where I direct it.$(p)...I should probably not cast it on my own location.",
            "hex_size": 6,
            "patterns": {
                "startdir": "EAST",
                "signature": "waadwawdaaweewq"
            }
        }
    ]
}
