{
    "name": "The Work",
    "category": "hexcasting:greatwork",
    "icon": "minecraft:nether_star",
    "priority": true,
    "advancement": "hexcasting:enlightenment",
    "entry_color": "54398a",
    "pages": [
        {
            "type": "patchouli:text",
            "text": "I have seen so many things. Unspeakable things. Innumerable things. I could write three words and turn my mind inside-out and smear my brains across the shadowed walls of my skull to decay into fluff and nothing."
        },
        {
            "type": "patchouli:text",
            "text": "I have seen staccato-needle patterns and acrid-etched schematics written to the inside of my eyelids. They smolder there, dancing, taunting, aching. I am possessed by an intense need to draw them, create them, form them, liberate them from the gluey shackles of my mortal mind, present them in their Glory to the world so all can see them. All will see. All will see."
        }
    ]
}
