{
    "name": "Hex Notebook",
    "landing_text": "I seem to have discovered a new method of magical arts, in which one draws patterns strange and wild onto a hexagonal grid. It fascinates me. I've decided to start a journal of my thoughts and findings.",
    "version": 1,
    "model": "hexcasting:patchouli_book",
    "book_texture": "patchouli:textures/gui/book_purple.png",
    "macros": {
        "$(thing)": "$(#8d6acc)",
        "$(action)": "$(#fc77be)",
        "_Media": "$(#74b3f2)Media/$",
        "_media": "$(#74b3f2)media/$",
        "_Hex": "$(#b38ef3)Hex/$",
        "_Hexes": "$(#b38ef3)Hexes/$"
    }
}
