{
    "name": "Hexcasting Items",
    "category": "hexcasting:items",
    "icon": "hexcasting:artifact{patterns:[]}",
    "sortnum": 4,
    "advancement": "hexcasting:root",
    "pages": [
        {
            "type": "patchouli:text",
            "text": "Although the flexibility that casting _Hexes \"on the go\" with my $(l:items/staff)$(item)Staff/$ is quite helpful, it's a huge pain to have to wave it around repeatedly just to accomplish a common task. If I could save a common spell for later reuse, it would simplify things a lot-- and allow me to share my _Hexes with friends, too."
        },
        {
            "type": "patchouli:text",
            "text": "To do this, I can craft one of three types of magic items: $(item)Cypher/$s, $(item)Trinket/$s, or $(item)Artifact/$s. All of them hold the patterns of a given _Hex inside, along with a small battery containing _media.$(br2)Simply holding one and pressing $(thing)$(k:use)/$ will cast the patterns inside, as if the holder had cast them out of a staff, using its internal battery."
        },
        {
            "type": "patchouli:text",
            "text": "Each item has its own quirks:$(br2)$(item)Cypher/$s are single-use, destroyed after the _Hex is cast;$(br2)$(item)Trinket/$s can be cast as much as the holder likes, as long as there's enough _media left, but become useless afterwards;"
        },
        {
            "type": "patchouli:text",
            "text": "$(item)Artifact/$s are the most powerful of all-- after their _media is depleted, they can use $(l:items/amethyst)$(item)Amethyst/$ from the holder's inventory to pay for the _Hex, just as I do when casting with a $(item)Staff/$. Of course, this also means the spell might consume their mind if there's not enough $(item)Amethyst/$.$(br2)Once I've made an empty magic item in a mundane crafting bench, I infuse the _Hex into it using (what else but) a spell appropriate to the item. $(l:patterns/spells/hexcasting)I've catalogued the patterns here./$"
        },
        {
            "type": "patchouli:text",
            "text": "Each infusion spell requires an entity and a list of patterns on the stack. The entity must be a _media-holding item entity (i.e. amethyst crystals, dropped on the ground); the entity is consumed and forms the battery.$(br2)Usefully, it seems that the _media in the battery is not consumed in chunks as it is when casting with a $(item)Staff/$-- rather, the _media \"melts down\" into one continuous pool. Thus, if I store a _Hex that only costs one $(item)Amethyst Dust/$'s worth of mana, a $(item)Charged Crystal/$ used as the battery will allow me to cast it 10 times."
        },
        {
            "type": "patchouli:crafting",
            "anchor": "cypher_trinket",
            "recipe": "hexcasting:cypher",
            "recipe2": "hexcasting:trinket"
        },
        {
            "type": "patchouli:crafting",
            "anchor": "artifact",
            "recipe": "hexcasting:artifact",
            "text": "$(italic)We have a saying in our field: \"Magic isn't\". It doesn't \"just work,\" it doesn't respond to your thoughts, you can't throw fireballs or create a roast dinner from thin air or turn a bunch of muggers into frogs and snails./$"
        }
    ]
}
