{
  "components": [
    {
      "type": "patchouli:header",
      "text": "#header",
      "x": -1,
      "y": -1
    },
    {
      "type": "patchouli:separator",
      "x": -1,
      "y": -1
    },
    {
      "type": "patchouli:custom",
      "class": "at.petrak.hexcasting.interop.patchouli.PatternComponent",
      "x": 58,
      "y": 50,
      "patterns": "#patterns",
      "hex_size": "#hex_size"
    },
    {
      "type": "patchouli:text",
      "text": "#text#",
      "y": 80
    }
  ]
}
