{
  "casting.start_pattern": {
    "sounds": [
      {
        "name": "hexcasting:add_line",
        "volume": 1.0,
        "pitch": 0.8
      }
    ]
  },
  "casting.add_line": {
    "sounds": [
      {
        "name": "hexcasting:add_line",
        "volume": 0.8,
        "pitch": 1.0
      }
    ]
  },
  "casting.add_pattern": {
    "sounds": [
      "hexcasting:add_pattern"
    ]
  },
  "casting.ambiance": {
    "sounds": [
      "hexcasting:casting_ambiance"
    ]
  },
  "casting.cast": {
    "sounds": [
      "hexcasting:cast_hex"
    ]
  }
}