{
    "name": "Geodes",
    "icon": "minecraft:budding_amethyst",
    "category": "hexcasting:basics",
    "sortnum": 2,
    "advancement": "hexcasting:root",
    "pages": [
        {
            "type": "patchouli:text",
            "text": "Aha! While mining deep underground, I found an enormous geode resonating with energy-- energy which pressed against my skull and my thoughts. This $(italic)must/$ be the place spoken about in legends where _media accumulates.$(br2)These amethyst crystals must contain a $(thing)convenient, solidified form of _Media/$."
        },
        {
            "type": "patchouli:text",
            "text": "It appears that, in addition to the $(item)Amethyst Shards/$ I usually see, these crystals can also drop $(item)Amethyst Dust/$ and $(item)Charged Amethyst Crystals/$. It looks like I'll have a better chance of finding $(item)Charged Amethyst Crystals/$ by using a Fortune pickaxe."
        },
        {
            "type": "patchouli:text",
            "text": "As I take the beauty of the geode in, I can feel connections flashing wildly in my mind. It's like the _media in the air is entering me, empowering me, elucidating me... It feels wonderful.$(br2)Finally, my study into the arcane is starting to make some sense!$(p)Let me reread those old legends again, now that I know what I'm looking at."
        }
    ]
}
